[
    {
        "Название": "AMD Ryzen 5 3500X, OEM",
        "Ядро": "Matisse",
        "Сокет": "SocketAM4",
        "Количество ядер": 6,
        "Количество потоков": 6,
        "Объем кэша L3": "32 МБ",
        "Разрядность вычислений": "64 bit",
        "Технологический процесс": "7 нм",
        "Тепловыделение": "65 Вт",
        "Тип поставки": "OEM",
        "Тип памяти": "DDR4",
        "Максимальная частота оперативной памяти": "4.1 ГГц",
        "Встроенный контроллер PCI Express": "PCI Express 4.0",
        "Интегрированное графическое ядро": "отсутствует",
        "duplicate_id": 0,
        "Минимальная частота оперативной памяти": "3.6 ГГц"
    },
    {
        "Название": "INTEL Core i5 10600K, OEM",
        "Ядро": "Comet Lake",
        "Сокет": "LGA 1200",
        "Количество ядер": 6,
        "Количество потоков": 12,
        "Объем кэша L3": "12 МБ",
        "Разрядность вычислений": "64 bit",
        "Технологический процесс": "14 нм",
        "Тепловыделение": "125  Вт",
        "Тип поставки": "OEM",
        "Тип памяти": "DDR4",
        "Максимальная частота оперативной памяти": "4.8 ГГц",
        "Встроенный контроллер PCI Express": "PCI Express 3.0",
        "Интегрированное графическое ядро": "есть",
        "duplicate_id": 5,
        "Минимальная частота оперативной памяти": "4.1 ГГц"
    },
    {
        "Название": "INTEL Core i3 10100, BOX",
        "Ядро": "Comet Lake S",
        "Сокет": "LGA 1200",
        "Количество ядер": 4,
        "Количество потоков": 8,
        "Объем кэша L3": "6 МБ",
        "Разрядность вычислений": "64 bit",
        "Технологический процесс": "14 нм",
        "Тепловыделение": "65 Вт",
        "Тип поставки": "BOX",
        "Тип памяти": "DDR4",
        "Максимальная частота оперативной памяти": "4.3 ГГц",
        "Встроенный контроллер PCI Express": "PCI Express 3.0",
        "Интегрированное графическое ядро": "есть",
        "duplicate_id": 6,
        "Минимальная частота оперативной памяти": "3.6 ГГц"
    },
    {
        "Название": "AMD Ryzen 5 2600, BOX",
        "Ядро": "Pinnacle Ridge",
        "Сокет": "SocketAM4",
        "Количество ядер": 6,
        "Количество потоков": 12,
        "Объем кэша L3": "16 МБ",
        "Разрядность вычислений": "64 bit",
        "Технологический процесс": "12 нм",
        "Тепловыделение": "65 Вт",
        "Тип поставки": "BOX",
        "Тип памяти": "DDR4",
        "Максимальная частота оперативной памяти": "3.9 ГГц",
        "Встроенный контроллер PCI Express": "PCI Express 3.0",
        "Интегрированное графическое ядро": "отсутствует",
        "duplicate_id": 1,
        "Минимальная частота оперативной памяти": "3.4 ГГц"
    },
    {
        "Название": "INTEL Core i7 8700, OEM",
        "Ядро": "Coffee Lake S",
        "Сокет": "LGA 1151v2",
        "Количество ядер": 6,
        "Количество потоков": 12,
        "Объем кэша L3": "12 МБ",
        "Разрядность вычислений": "64 bit",
        "Технологический процесс": "14 нм",
        "Тепловыделение": "65 Вт",
        "Тип поставки": "OEM",
        "Тип памяти": "DDR4",
        "Максимальная частота оперативной памяти": "4.6 ГГц",
        "Встроенный контроллер PCI Express": "PCI Express 3.0",
        "Интегрированное графическое ядро": "есть",
        "duplicate_id": 7,
        "Минимальная частота оперативной памяти": "3.2 ГГц"
    },
    {
        "Название": "AMD Ryzen 7 5800X, OEM",
        "Ядро": "Vermeer",
        "Сокет": "SocketAM4",
        "Количество ядер": 8,
        "Количество потоков": 16,
        "Объем кэша L3": "32 МБ",
        "Разрядность вычислений": "64 bit",
        "Технологический процесс": "7 нм",
        "Тепловыделение": "105 Вт",
        "Тип поставки": "OEM",
        "Тип памяти": "DDR4",
        "Максимальная частота оперативной памяти": "4.7 ГГц",
        "Встроенный контроллер PCI Express": "PCI Express 4.0",
        "Интегрированное графическое ядро": "отсутствует",
        "duplicate_id": 2,
        "Минимальная частота оперативной памяти": "3.8 ГГц"
    },
    {
        "Название": "INTEL Pentium Gold G6400, OEM",
        "Ядро": "Comet Lake S",
        "Сокет": "LGA 1200",
        "Количество ядер": 2,
        "Количество потоков": 4,
        "Объем кэша L3": "4 МБ",
        "Разрядность вычислений": "64 bit",
        "Технологический процесс": "14 нм",
        "Тепловыделение": "58 Вт",
        "Тип поставки": "OEM",
        "Тип памяти": "DDR4",
        "Максимальная частота оперативной памяти": "нет",
        "Встроенный контроллер PCI Express": "PCI Express 3.0",
        "Интегрированное графическое ядро": "есть",
        "duplicate_id": 9,
        "Минимальная частота оперативной памяти": "4 ГГц"
    },
    {
        "Название": "AMD Ryzen 7 3800X, BOX",
        "Ядро": "Matisse",
        "Сокет": "SocketAM4",
        "Количество ядер": 8,
        "Количество потоков": 16,
        "Объем кэша L3": "32 МБ",
        "Разрядность вычислений": "64 bit",
        "Технологический процесс": "7 нм",
        "Тепловыделение": "105 Вт",
        "Тип поставки": "BOX",
        "Тип памяти": "DDR4",
        "Максимальная частота оперативной памяти": "4.5 ГГц",
        "Встроенный контроллер PCI Express": "PCI Express 4.0",
        "Интегрированное графическое ядро": "отсутствует",
        "duplicate_id": 3,
        "Минимальная частота оперативной памяти": "3.9 ГГц"
    },
    {
        "Название": "INTEL Core i5 9600KF, OEM",
        "Ядро": "Coffee Lake R",
        "Сокет": "LGA 1151v2",
        "Количество ядер": 6,
        "Количество потоков": 6,
        "Объем кэша L3": "9 МБ",
        "Разрядность вычислений": "64 bit",
        "Технологический процесс": "14 нм",
        "Тепловыделение": "95 Вт",
        "Тип поставки": "OEM",
        "Тип памяти": "DDR4",
        "Максимальная частота оперативной памяти": "4.6 ГГц",
        "Встроенный контроллер PCI Express": "PCI Express 3.0",
        "Интегрированное графическое ядро": "отсутствует",
        "duplicate_id": 8,
        "Минимальная частота оперативной памяти": "3.7 ГГц"
    },
    {
        "Название": "AMD Ryzen 5 3600X, OEM",
        "Ядро": "Matisse",
        "Сокет": "SocketAM4",
        "Количество ядер": 6,
        "Количество потоков": 12,
        "Объем кэша L3": "32 МБ",
        "Разрядность вычислений": "64 bit",
        "Технологический процесс": "7 нм",
        "Тепловыделение": "95 Вт",
        "Тип поставки": "OEM",
        "Тип памяти": "DDR4",
        "Максимальная частота оперативной памяти": "4.4 ГГц",
        "Встроенный контроллер PCI Express": "PCI Express 4.0",
        "Интегрированное графическое ядро": "отсутствует",
        "duplicate_id": 4,
        "Минимальная частота оперативной памяти": "3.8 ГГц"
    }
]