[
    {
        "Название": "INTEL Core i5 10600K, OEM",
        "Ядро": "Comet Lake-S",
        "Сокет": "LGA 1200",
        "Количество ядер": 6.0,
        "Количество потоков": 12.0,
        "Объем кэша L3": "12 МБ",
        "Разрядность вычислений": "64 bit",
        "Технологический процесс": "14 нм",
        "Тепловыделение": "125 Вт",
        "Тип поставки": "OEM",
        "Тип памяти": "DDR4",
        "Максимальная частота оперативной памяти": "2666 МГц",
        "Встроенный контроллер PCI Express": "PCI Express 3.0",
        "Интегрированное графическое ядро": "есть",
        "Минимальная частота оперативной памяти": "1600 МГц",
        "Объем кэша L2": "1.5 МБ",
        "Число линий PCI Express": "16 шт",
        "Поддержка режима ECC": "нет",
        "Многопоточность": "есть",
        "Год релиза": "2020",
        "Настраиваемая величина TDP (cTDP)": "95 Вт",
        "Максимальная частота в турбо режиме": "4800 МГц",
        "Максимально поддерживаемый объем памяти": "128 ГБ",
        "Система охлаждения в комплекте": "нет",
        "Множитель": "41",
        "Технология энергосбережения": "Enhanced SpeedStep",
        "Количество каналов": 2,
        "Поддержка 64-битного набора команд": "EM64T",
        "Кэш L1 (инструкции)": "384 КБ",
        "Набор инструкций и команд": "CLMUL , VT-x , VT-d , XD , TSX , TXT , ABM , ADX , F16C , EIST , RdRand , AES-NI , FMA3 , BMI2 , BMI1 , SSE3 , AVX2 , AVX , MMX , SSE , SSE4.2 , SSE2 , SSSE3",
        "Технология виртуализации": "есть",
        "Модель": "Intel Core i5-10600K",
        "Кэш L1 (данные)": "384 КБ",
        "Технология повышения частоты процессора": "Turbo Boost 2.0",
        "Гарантия": "12 мес.",
        "Код производителя": "[CM8070104282134]",
        "Поколение процессоров": "Intel 10-е поколение",
        "Модель графического процессора": "Intel UHD Graphics 630",
        "Базовая частота процессора": "4100 МГц",
        "Страна-производитель": "Вьетнам"
    },
    {
        "Название": "AMD Ryzen 7 5800X, OEM",
        "Ядро": "Vermeer",
        "Сокет": "AM4",
        "Количество ядер": 8.0,
        "Количество потоков": 16.0,
        "Объем кэша L3": "32 МБ",
        "Разрядность вычислений": "64 bit",
        "Технологический процесс": "7 нм",
        "Тепловыделение": "105 Вт",
        "Тип поставки": "OEM",
        "Тип памяти": "DDR4",
        "Максимальная частота оперативной памяти": "3200 МГц",
        "Встроенный контроллер PCI Express": "PCI Express 4.0",
        "Интегрированное графическое ядро": "нет",
        "Минимальная частота оперативной памяти": "1600 МГц",
        "Объем кэша L2": "4 МБ",
        "Число линий PCI Express": null,
        "Поддержка режима ECC": null,
        "Многопоточность": "есть",
        "Год релиза": "2020",
        "Настраиваемая величина TDP (cTDP)": "нет",
        "Максимальная частота в турбо режиме": "4700 МГц",
        "Максимально поддерживаемый объем памяти": "128 ГБ",
        "Система охлаждения в комплекте": "нет",
        "Множитель": "38",
        "Технология энергосбережения": "Pure Power",
        "Количество каналов": 2,
        "Поддержка 64-битного набора команд": "AMD64",
        "Кэш L1 (инструкции)": "256 КБ",
        "Набор инструкций и команд": "AES-NI , SEV , AMD-V",
        "Технология виртуализации": "есть",
        "Модель": "AMD Ryzen 7 5800X",
        "Кэш L1 (данные)": "256 КБ",
        "Технология повышения частоты процессора": "Precision Boost 2",
        "Гарантия": "12 мес.",
        "Код производителя": "[100-000000063]",
        "Поколение процессоров": "AMD RYZEN 5000",
        "Модель графического процессора": null,
        "Базовая частота процессора": "3800 МГц",
        "Страна-производитель": "Малайзия"
    },
    {
        "Название": "AMD Ryzen 7 3800X, BOX",
        "Ядро": "Matisse",
        "Сокет": "AM4",
        "Количество ядер": 8.0,
        "Количество потоков": 16.0,
        "Объем кэша L3": "32 МБ",
        "Разрядность вычислений": "64 bit",
        "Технологический процесс": "7 нм",
        "Тепловыделение": "105 Вт",
        "Тип поставки": "BOX",
        "Тип памяти": "DDR4",
        "Максимальная частота оперативной памяти": "3200 МГц",
        "Встроенный контроллер PCI Express": "PCI Express 4.0",
        "Интегрированное графическое ядро": "нет",
        "Минимальная частота оперативной памяти": "1600 МГц",
        "Объем кэша L2": "4 МБ",
        "Число линий PCI Express": "20 шт",
        "Поддержка режима ECC": null,
        "Многопоточность": "есть",
        "Год релиза": "2019",
        "Настраиваемая величина TDP (cTDP)": "нет",
        "Максимальная частота в турбо режиме": "4500 МГц",
        "Максимально поддерживаемый объем памяти": "128 ГБ",
        "Система охлаждения в комплекте": "есть",
        "Множитель": "39",
        "Технология энергосбережения": "Pure Power",
        "Количество каналов": 2,
        "Поддержка 64-битного набора команд": "AMD64",
        "Кэш L1 (инструкции)": "512 КБ",
        "Набор инструкций и команд": "SHA , BMI1 , BMI2 , F16C , EVP , SSE4a , EMMX , AES , AVX2 , AVX , SSE4.2 , SSE4.1 , MMX , SSE , SSE4 , SSSE3 , SSE3 , SSE2",
        "Технология виртуализации": "есть",
        "Модель": "AMD Ryzen 7 3800X",
        "Кэш L1 (данные)": "512 КБ",
        "Технология повышения частоты процессора": "Precision Boost 2",
        "Гарантия": "36 мес.",
        "Код производителя": "[100-100000025BOX]",
        "Поколение процессоров": "AMD RYZEN 3000",
        "Модель графического процессора": "нет",
        "Базовая частота процессора": "3900 МГц",
        "Страна-производитель": "Китай"
    },
    {
        "Название": "AMD Ryzen 5 3600X, OEM",
        "Ядро": "Matisse",
        "Сокет": "AM4",
        "Количество ядер": 6.0,
        "Количество потоков": 12.0,
        "Объем кэша L3": "32 МБ",
        "Разрядность вычислений": "64 bit",
        "Технологический процесс": "7 нм",
        "Тепловыделение": "95 Вт",
        "Тип поставки": "OEM",
        "Тип памяти": "DDR4",
        "Максимальная частота оперативной памяти": "3200 МГц",
        "Встроенный контроллер PCI Express": "PCI Express 4.0",
        "Интегрированное графическое ядро": "отсутствует",
        "Минимальная частота оперативной памяти": "1600 МГц",
        "Объем кэша L2": "3 Мб",
        "Число линий PCI Express": "20 шт",
        "Поддержка режима ECC": null,
        "Многопоточность": "есть",
        "Год релиза": "2019",
        "Настраиваемая величина TDP (cTDP)": "нет",
        "Максимальная частота в турбо режиме": "4400 МГц",
        "Максимально поддерживаемый объем памяти": "128 ГБ",
        "Система охлаждения в комплекте": "нет",
        "Множитель": "38",
        "Технология энергосбережения": "Pure Power",
        "Количество каналов": 2,
        "Поддержка 64-битного набора команд": "AMD64",
        "Кэш L1 (инструкции)": "192 КБ",
        "Набор инструкций и команд": "SHA , AVX2 , BMI1 , BMI2 , F16C , EVP , SSE4a , EMMX , AES , AVX , SSE4.2 , SSE4.1 , MMX , SSE , SSE2 , SSE3 , SSSE3 , SSE4",
        "Технология виртуализации": "есть",
        "Модель": "AMD Ryzen 5 3600X",
        "Кэш L1 (данные)": "192 КБ",
        "Технология повышения частоты процессора": "Precision Boost 2",
        "Гарантия": "12 мес.",
        "Код производителя": "[100-000000022]",
        "Поколение процессоров": "AMD RYZEN 3000",
        "Модель графического процессора": "нет",
        "Базовая частота процессора": "3800 МГц",
        "Страна-производитель": "Китай"
    },
    {
        "Название": "INTEL Core i5 9600KF, OEM",
        "Ядро": "Coffee Lake R",
        "Сокет": "LGA 1151-v2",
        "Количество ядер": 6.0,
        "Количество потоков": 6.0,
        "Объем кэша L3": "9 МБ",
        "Разрядность вычислений": "64 bit",
        "Технологический процесс": "14 нм",
        "Тепловыделение": "95 Вт",
        "Тип поставки": "OEM",
        "Тип памяти": "DDR4",
        "Максимальная частота оперативной памяти": "2666 МГц",
        "Встроенный контроллер PCI Express": "PCI Express 3.0",
        "Интегрированное графическое ядро": "отсутствует",
        "Минимальная частота оперативной памяти": "1600 МГц",
        "Объем кэша L2": "1.5 МБ",
        "Число линий PCI Express": "16 шт",
        "Поддержка режима ECC": "нет",
        "Многопоточность": "нет",
        "Год релиза": "2019",
        "Настраиваемая величина TDP (cTDP)": "нет",
        "Максимальная частота в турбо режиме": "4600 МГц",
        "Максимально поддерживаемый объем памяти": "128 ГБ",
        "Система охлаждения в комплекте": "нет",
        "Множитель": "37",
        "Технология энергосбережения": "Enhanced SpeedStep",
        "Количество каналов": 2,
        "Поддержка 64-битного набора команд": "EM64T",
        "Кэш L1 (инструкции)": "192 КБ",
        "Набор инструкций и команд": "BMI1 , BMI2 , F16C , FMA3 , NX , VT-x , VT-d , XD , SGX , BMI, AES , MPX , SMAP , SMEP , AVX2 , AVX , SSE4.2 , MMX , SSE4.1 , SSE4 , SSSE3 , SSE3 , SSE2 , SSE",
        "Технология виртуализации": "есть",
        "Модель": "Intel Core i5-9600KF",
        "Кэш L1 (данные)": "192 КБ",
        "Технология повышения частоты процессора": "Turbo Boost 2.0",
        "Гарантия": "12 мес.",
        "Код производителя": "[CM8068403874410-SRG12]",
        "Поколение процессоров": "Intel 9-е поколение",
        "Модель графического процессора": "нет",
        "Базовая частота процессора": "3700 МГц",
        "Страна-производитель": "Вьетнам"
    },
    {
        "Название": "AMD Ryzen 5 2600, BOX",
        "Ядро": "Pinnacle Ridge",
        "Сокет": "AM4",
        "Количество ядер": 6.0,
        "Количество потоков": 12.0,
        "Объем кэша L3": "16 Мб",
        "Разрядность вычислений": "64 bit",
        "Технологический процесс": "12 нм",
        "Тепловыделение": "65 Вт",
        "Тип поставки": "BOX",
        "Тип памяти": "DDR4",
        "Максимальная частота оперативной памяти": "2933 МГц",
        "Встроенный контроллер PCI Express": "PCI Express 3.0",
        "Интегрированное графическое ядро": "отсутствует",
        "Минимальная частота оперативной памяти": "1600 МГц",
        "Объем кэша L2": "3 Мб",
        "Число линий PCI Express": "24 шт",
        "Поддержка режима ECC": "есть",
        "Многопоточность": "есть",
        "Год релиза": "2018",
        "Настраиваемая величина TDP (cTDP)": "нет",
        "Максимальная частота в турбо режиме": "3900 МГц",
        "Максимально поддерживаемый объем памяти": "128 ГБ",
        "Система охлаждения в комплекте": "есть",
        "Множитель": "34",
        "Технология энергосбережения": "Pure Power",
        "Количество каналов": 2,
        "Поддержка 64-битного набора команд": "AMD64",
        "Кэш L1 (инструкции)": "384 КБ",
        "Набор инструкций и команд": "BMI2 , F16C , FMA3 , EVP , SSE4a , SHA , AVX2 , EMMX , BMI1 , AVX , AES , MMX , SSE , SSE2 , SSE3 , SSSE3 , SSE4 , SSE4.1 , SSE4.2",
        "Технология виртуализации": "есть",
        "Модель": "AMD Ryzen 5 2600",
        "Кэш L1 (данные)": "192 КБ",
        "Технология повышения частоты процессора": "Precision Boost 2",
        "Гарантия": "36 мес.",
        "Код производителя": "[YD2600BBAFBOX]",
        "Поколение процессоров": "AMD RYZEN 2000",
        "Модель графического процессора": "нет",
        "Базовая частота процессора": "3400 МГц",
        "Страна-производитель": "Китай"
    },
    {
        "Название": "INTEL Core i3 10100, BOX",
        "Ядро": "Comet Lake-S",
        "Сокет": "LGA 1200",
        "Количество ядер": 4.0,
        "Количество потоков": 8.0,
        "Объем кэша L3": "6 МБ",
        "Разрядность вычислений": "64 bit",
        "Технологический процесс": "14 нм",
        "Тепловыделение": "65 Вт",
        "Тип поставки": "BOX",
        "Тип памяти": "DDR4",
        "Максимальная частота оперативной памяти": "2666 МГц",
        "Встроенный контроллер PCI Express": "PCI Express 3.0",
        "Интегрированное графическое ядро": "есть",
        "Минимальная частота оперативной памяти": "1600 МГц",
        "Объем кэша L2": "1 МБ",
        "Число линий PCI Express": "16 шт",
        "Поддержка режима ECC": "нет",
        "Многопоточность": "есть",
        "Год релиза": "2020",
        "Настраиваемая величина TDP (cTDP)": "нет",
        "Максимальная частота в турбо режиме": "4300 МГц",
        "Максимально поддерживаемый объем памяти": "128 ГБ",
        "Система охлаждения в комплекте": "есть",
        "Множитель": "36",
        "Технология энергосбережения": "Enhanced SpeedStep",
        "Количество каналов": 2,
        "Поддержка 64-битного набора команд": "EM64T",
        "Кэш L1 (инструкции)": "256 КБ",
        "Набор инструкций и команд": "ADX , FMA3 , VT-x , VT-d , XD , TSX , TXT , ABM , CLMUL , BMI2 , AES-NI , RdRand , EIST , F16C , BMI1 , AVX2 , SSE , AVX , SSE4.2 , SSSE3 , SSE3 , MMX , SSE2",
        "Технология виртуализации": "есть",
        "Модель": "Intel Core i3-10100",
        "Кэш L1 (данные)": "256 КБ",
        "Технология повышения частоты процессора": "Turbo Boost 2.0",
        "Гарантия": "36 мес.",
        "Код производителя": "[BX8070110100]",
        "Поколение процессоров": "Intel 10-е поколение",
        "Модель графического процессора": "Intel UHD Graphics 630",
        "Базовая частота процессора": "3600 МГц",
        "Страна-производитель": "Вьетнам"
    },
    {
        "Название": "INTEL Core i7 8700, OEM",
        "Ядро": "Coffee Lake S",
        "Сокет": "LGA 1151-v2",
        "Количество ядер": 6.0,
        "Количество потоков": 12.0,
        "Объем кэша L3": "12 МБ",
        "Разрядность вычислений": "64 bit",
        "Технологический процесс": "14 нм",
        "Тепловыделение": "65 Вт",
        "Тип поставки": "OEM",
        "Тип памяти": "DDR4",
        "Максимальная частота оперативной памяти": "2666 МГц",
        "Встроенный контроллер PCI Express": "PCI Express 3.0",
        "Интегрированное графическое ядро": "есть",
        "Минимальная частота оперативной памяти": "1600 МГц",
        "Объем кэша L2": "1.5 МБ",
        "Число линий PCI Express": "16 шт",
        "Поддержка режима ECC": "нет",
        "Многопоточность": "есть",
        "Год релиза": "2017",
        "Настраиваемая величина TDP (cTDP)": "нет",
        "Максимальная частота в турбо режиме": "4600 МГц",
        "Максимально поддерживаемый объем памяти": "64 ГБ",
        "Система охлаждения в комплекте": "нет",
        "Множитель": "32",
        "Технология энергосбережения": "Enhanced SpeedStep",
        "Количество каналов": 2,
        "Поддержка 64-битного набора команд": "EM64T",
        "Кэш L1 (инструкции)": "192 КБ",
        "Набор инструкций и команд": "SGX , EMMX , MPX , CLMUL , ABM , TSX , NX , ADX , SMM , F16C , FPU , IPT , SMEP , EPT , FMA3 , BMI2 , BMI1 , SSE2 , AVX2 , AVX , AES , SSE4.2 , SSE4.1 , SSSE3 , SSE3 , SSE , MMX",
        "Технология виртуализации": "есть",
        "Модель": "Intel Core i7-8700",
        "Кэш L1 (данные)": "192 КБ",
        "Технология повышения частоты процессора": "Turbo Boost 2.0",
        "Гарантия": "12 мес.",
        "Код производителя": "[CM8068403358316]",
        "Поколение процессоров": "Intel 8-е поколение",
        "Модель графического процессора": "Intel UHD Graphics 630",
        "Базовая частота процессора": "3200 МГц",
        "Страна-производитель": "Вьетнам"
    },
    {
        "Название": "AMD Ryzen 5 3500X, OEM",
        "Ядро": "Matisse",
        "Сокет": "AM4",
        "Количество ядер": 6.0,
        "Количество потоков": 6.0,
        "Объем кэша L3": "32 МБ",
        "Разрядность вычислений": "64 bit",
        "Технологический процесс": "7 нм",
        "Тепловыделение": "65 Вт",
        "Тип поставки": "OEM",
        "Тип памяти": "DDR4",
        "Максимальная частота оперативной памяти": "3200 МГц",
        "Встроенный контроллер PCI Express": "PCI Express 4.0",
        "Интегрированное графическое ядро": "отсутствует",
        "Минимальная частота оперативной памяти": "1600 МГц",
        "Объем кэша L2": "3 Мб",
        "Число линий PCI Express": "20 шт",
        "Поддержка режима ECC": "есть",
        "Многопоточность": "нет",
        "Год релиза": "2019",
        "Настраиваемая величина TDP (cTDP)": "нет",
        "Максимальная частота в турбо режиме": "4100 МГц",
        "Максимально поддерживаемый объем памяти": "128 ГБ",
        "Система охлаждения в комплекте": "нет",
        "Множитель": "36",
        "Технология энергосбережения": "Pure Power",
        "Количество каналов": 2,
        "Поддержка 64-битного набора команд": "AMD64",
        "Кэш L1 (инструкции)": "192 КБ",
        "Набор инструкций и команд": "EMMX , AVX2 , BMI1 , BMI2 , F16C , EVP , SSE4a , SHA , AES , AVX , SSE4.2 , SSE4.1 , MMX , SSE , SSE2 , SSE3 , SSSE3 , SSE4",
        "Технология виртуализации": "есть",
        "Модель": "AMD Ryzen 5 3500X",
        "Кэш L1 (данные)": "192 КБ",
        "Технология повышения частоты процессора": "Precision Boost 2",
        "Гарантия": "12 мес.",
        "Код производителя": "[100-000000158]",
        "Поколение процессоров": "AMD RYZEN 3000",
        "Модель графического процессора": "нет",
        "Базовая частота процессора": "3600 МГц",
        "Страна-производитель": "Китай"
    },
    {
        "Название": "INTEL Pentium Gold G6400, OEM",
        "Ядро": "Comet Lake-S",
        "Сокет": "LGA 1200",
        "Количество ядер": 2.0,
        "Количество потоков": 4.0,
        "Объем кэша L3": "4 МБ",
        "Разрядность вычислений": "64 bit",
        "Технологический процесс": "14 нм",
        "Тепловыделение": "58 Вт",
        "Тип поставки": "OEM",
        "Тип памяти": "DDR4",
        "Максимальная частота оперативной памяти": "2666 МГц",
        "Встроенный контроллер PCI Express": "PCI Express 3.0",
        "Интегрированное графическое ядро": "есть",
        "Минимальная частота оперативной памяти": "1600 МГц",
        "Объем кэша L2": "512 КБ",
        "Число линий PCI Express": "16 шт",
        "Поддержка режима ECC": "нет",
        "Многопоточность": "есть",
        "Год релиза": "2020",
        "Настраиваемая величина TDP (cTDP)": "нет",
        "Максимальная частота в турбо режиме": "нет",
        "Максимально поддерживаемый объем памяти": "128 ГБ",
        "Система охлаждения в комплекте": "нет",
        "Множитель": "40",
        "Технология энергосбережения": "Enhanced SpeedStep",
        "Количество каналов": 2,
        "Поддержка 64-битного набора команд": "EM64T",
        "Кэш L1 (инструкции)": "128 КБ",
        "Набор инструкций и команд": "SGX , EPT , SIPP , VT-x , EDB, VT-d , AES , SSE4.2 , SSE4.1",
        "Технология виртуализации": "есть",
        "Модель": "Intel Pentium Gold G6400",
        "Кэш L1 (данные)": "128 КБ",
        "Технология повышения частоты процессора": "нет",
        "Гарантия": "12 мес.",
        "Код производителя": "[CM8070104291810]",
        "Поколение процессоров": "Intel 10-е поколение",
        "Модель графического процессора": "Intel UHD Graphics 610",
        "Базовая частота процессора": "4000 МГц",
        "Страна-производитель": "Вьетнам"
    }
]